Plugin ID,CVE,CVSS,Risk,Host,Protocol,Port,Name,Synopsis,Description,Solution,See Also,Plugin Output,STIG Severity,CVSS v3.0 Base Score,CVSS Temporal Score,CVSS v3.0 Temporal Score,Risk Factor,BID,XREF,MSKB,Plugin Publication Date,Plugin Modification Date,Metasploit,Core Impact,CANVAS
"10150","","","None","10.0.0.4","tcp","445","Windows NetBIOS / SMB Remote Host Information Disclosure","It was possible to obtain the network name of the remote host.","The remote host is listening on UDP port 137 or TCP port 445, and
replies to NetBIOS nbtscan or SMB requests.

Note that this plugin gathers information to be used in other plugins,
but does not itself generate a report.","n/a","","The following 2 NetBIOS names have been gathered :

 CYBER-ND03-W10   = Computer name
 CYBER-ND03-W10   = Workgroup / Domain name
","","","","","None","","","","1999/10/12","2020/05/14","","",""
"10736","","","None","10.0.0.4","tcp","135","DCE Services Enumeration","A DCE/RPC service is running on the remote host.","By sending a Lookup request to the portmapper (TCP 135 or epmapper
PIPE) it was possible to enumerate the Distributed Computing
Environment (DCE) services running on the remote port. Using this
information it is possible to connect and bind to each service by
sending an RPC request to the remote port/pipe.","n/a","","
The following DCERPC services are available locally :

Object UUID : 00000000-0000-0000-0000-000000000000
UUID : 51a227ae-825b-41f2-b4a9-1ac9557a1018, version 1.0
Description : Unknown RPC service
Annotation : Ngc Pop Key Service
Type : Local RPC service
Named pipe : samss lpc

Object UUID : 00000000-0000-0000-0000-000000000000
UUID : 51a227ae-825b-41f2-b4a9-1ac9557a1018, version 1.0
Description : Unknown RPC service
Annotation : Ngc Pop Key Service
Type : Local RPC service
Named pipe : SidKey Local End Point

Object UUID : 00000000-0000-0000-0000-000000000000
UUID : 51a227ae-825b-41f2-b4a9-1ac9557a1018, version 1.0
Description : Unknown RPC service
Annotation : Ngc Pop Key Service
Type : Local RPC service
Named pipe : protected_storage

Object UUID : 00000000-0000-0000-0000-000000000000
UUID : 51a227ae-825b-41f2-b4a9-1ac9557a1018, version 1.0
Description : Unknown RPC service
Annotation : Ngc Pop Key Service
Type : Local RPC service
Named pipe : lsasspirpc

Object UUID : 00000000-0000-0000-0000-000000000000
UUID : 51a227ae-825b-41f2-b4a9-1ac9557a1018, version 1.0
Description : Unknown RPC service
Annotation : Ngc Pop Key Service
Type : Local RPC service
Named pipe : lsapolicylookup

Object UUID : 00000000-0000-0000-0000-000000000000
UUID : 51a227ae-825b-41f2-b4a9-1ac9557a1018, version 1.0
Description : Unknown RPC service
Annotation : Ngc Pop Key Service
Type : Local RPC service
Named pipe : LSA_EAS_ENDPOINT

Object UUID : 00000000-0000-0000-0000-000000000000
UUID : 51a227ae-825b-41f2-b4a9-1ac9557a1018, version 1.0
Description : Unknown RPC service
Annotation : Ngc Pop Key Service
Type : Local RPC service
Named pipe : LSA_IDPEXT_ENDPOINT

Object UUID : 00000000-0000-0000-0000-000000000000
UUID : 51a227ae-825b-41f2-b4a9-1ac9557a1018, version 1.0
Description : Unknown RPC service
Annotation : Ngc Pop Key Service
Type : Local RPC service
Named pipe : lsacap

Object UUID : 00000000-0000-0000-0000-000000000000
UUID : 51a227ae-825b-41f2-b4a9-1ac9557a1018, version 1.0
Description : Unknown RPC service
Annotation : Ngc Pop Key Service
Type : Local RPC service
Named pipe : LSARPC_ENDPOINT

Object UUID : 00000000-0000-0000-0000-000000000000
UUID : 64d1d045-f675-460b-8a94-570246b36dab, version 1.0
Description : Unknown RPC service
Annotation : CLIPSVC Default RPC Interface
Type : Local RPC service
Named pipe : ClipServiceTransportEndpoint-00001

Object UUID : 00000000-0000-0000-0000-000000000000
UUID : bf4dc912-e52f-4904-8ebe-9317c1bdd497, version 1.0
Description : Unknown RPC service
Type : Local RPC service
Named pipe : OLE03D3D9B8BB570D4A495ED0F1847D

Object UUID : 00000000-0000-0000-0000-000000000000
UUID : bf4dc912-e52f-4904-8ebe-9317c1bdd497, version 1.0
Description : Unknown RPC service
Type : Local RPC service
Named pipe : LRPC-05bef4ca260c5f45d4

Object UUID : 00000000-0000-0000-0000-000000000000
UUID : 0497b57d-2e66-424f-a0c6-157cd5d41700, version 1.0
Description : Unknown RPC service
Annotation : AppInfo
Type : Local RPC service
Named pipe : LRPC-9a248aaa9a6cdf0d0a

Object UUID : 00000000-0000-0000-0000-000000000000
UUID : 201ef99a-7fa0-444c-9399-19ba84f12a1a, version 1.0
Description : Unknown RPC service
Annotation : AppInfo
Type : Local RPC service
Named pipe : LRPC-9a248aaa9a6cdf0d0a

Object UUID : 00000000-0000-0000-0000-000000000000
UUID : 5f54ce7d-5b79-4175-8584-cb65313a0e98, version 1.0
Description : Unknown RPC service
Annotation : AppInfo
Type : Local RPC service
Named pipe : LRPC-9a248aaa9a6cdf0d0a

Object UUID : 00000000-0000-0000-0000-000000000000
UUID : fd7a0523-dc70-43dd-9b2e-9c5ed48225b1, version 1.0
Description : Unknown RPC service
Annotation : AppInfo
Type : Local RPC service
Named pipe : LRPC-9a248aaa9a6cdf0d0a

Object UUID : 00000000-0000-0000-0000-000000000000
UUID : 58e604e8-9adb-4d2e-a464-3b0683fb1480, version 1.0
Description : Unknown RPC service
Annotation : AppInfo
Type : Local RPC service
Named pipe : LRPC-9a248aaa9a6cdf0d0a

Object UUID : 00000000-0000-0000-0000-000000000000
UUID : c0e9671e-33c6-4438-9464-56b2e1b1c7b4, version 1.0
Description : Unknown RPC service
Annotation : wbiosrvc
Type : Local RPC service
Named pipe : LRPC-1b0d43630efb57f08f

Object UUID : 00000000-0000-0000-0000-000000000000
UUID : 4be96a0f-9f52-4729-a51d-c70610f118b0, version 1.0
Description : Unknown RPC service
Annotation : wbiosrvc
Type : Local RPC service
Named pipe : LRPC-1b0d43630efb57f08f

Object UUID : 00000000-0000-0000-0000-000000000000
UUID : d2716e94-25cb-4820-bc15-537866578562, version 1.0
Description : Unknown RPC service
Type : Local RPC service
Named pipe : OLE67357A676F1F4B71B5EFE858FAC2

Object UUID : 00000000-0000-0000-0000-000000000000
UUID : d2716e94-25cb-4820-bc15-537866578562, version 1.0
Description : Unknown RPC service
Type : Local RPC service
Named pipe : LRPC-0e8122a9a4eecdcfba

Object UUID : 00000000-0000-0000-0000-000000000000
UUID : 0c53aa2e-fb1c-49c5-bfb6-c54f8e5857cd, version 1.0
Description : Unknown RPC service
Type : Local RPC service
Named pipe : OLE67357A676F1F4B71B5EFE858FAC2

Object UUID : 00000000-0000-0000-0000-000000000000
UUID : 0c53aa2e-fb1c-49c5-bfb6-c54f8e5857cd, version 1.0
Description : Unknown RPC service
Type : Local RPC service
Named pipe : LRPC-0e8122a9a4eecdcfba

Object UUID : 00000000-0000-0000-0000-000000000000
UUID : 923c9623-db7f-4b34-9e6d-e86580f8ca2a, version 1.0
Description : Unknown RPC service
Type : Local RPC service
Named pipe : OLE67357A676F1F4B71B5EFE858FAC2

Object UUID : 00000000-0000-0000-0000-000000000000
UUID : 923c9623-db7f-4b34-9e6d-e86580f8ca2a, version 1.0
Description : Unknown RPC service
Type : Local RPC service
Named pipe : LRPC-0e8122a9a4eecdcfba

Object UUID : 00000000-0000-0000-0000-000000000000
UUID : 06bba54a-be05-49f9-b0a0-30f790261023, version 1.0
Description : Unknown RPC service
Annotation : Security Center
Type : Local RPC service
Named pipe : OLECD469F1D7B8D115AB010209F9246

Object UUID : 00000000-0000-0000-0000-000000000000
UUID : 06bba54a-be05-49f9-b0a0-30f790261023, version 1.0
Description : Unknown RPC service
Annotation : Security Center
Type : Local RPC service
Named pipe : LRPC-495516ead36f84467f

Object UUID : 00000000-0000-0000-0000-000000000000
UUID : 7a20fcec-dec4-4c59-be57-212e8f65d3de, version 1.0
Description : Unknown RPC service
Type : Local RPC service
Named pipe : LRPC-9dfd0937ed2bd6bc2a

Object UUID : ccb8aa07-7225-4ea0-8501-4b3c1b1acd43
UUID : d09bdeb5-6171-4a34-bfe2-06fa82652568, version 1.0
Description : Unknown RPC service
Type : Local RPC service
Named pipe : OLE50A7DC0F136A4E87D4E57AF5355E

Object UUID : ccb8aa07-7225-4ea0-8501-4b3c1b1acd43
UUID : d09bdeb5-6171-4a34-bfe2-06fa82652568, version 1.0
Description : Unknown RPC service
Type : Local RPC service
Named pipe : LRPC-69f63fab0aad13a73e

Object UUID : 582a47b2-bcd8-4d3c-8acb-fe09d5bd6eec
UUID : d09bdeb5-6171-4a34-bfe2-06fa82652568, version 1.0
Description : Unknown RPC service
Type : Local RPC service
Named pipe : OLE50A7DC0F136A4E87D4E57AF5355E

Object UUID : 582a47b2-bcd8-4d3c-8acb-fe09d5bd6eec
UUID : d09bdeb5-6171-4a34-bfe2-06fa82652568, version 1.0
Description : Unknown RPC service
Type : Local RPC service
Named pipe : LRPC-69f63fab0aad13a73e

Object UUID : fe6c0ca0-29ef-46b7-a1b4-6954480fce41
UUID : ead694ed-2243-44cb-a9dc-85d3ba934dab, version 0.0
Description : Unknown RPC service
Type : Local RPC service
Named pipe : OLE5DB6E35AE584A1FE18A73A040155

Object UUID : fe6c0ca0-29ef-46b7-a1b4-6954480fce41
UUID : ead694ed-2243-44cb-a9dc-85d3ba934dab, version 0.0
Description : Unknown RPC service
Type : Local RPC service
Named pipe : \Sessions\2\AppContainerNamedObjects\S-1-15-2-3624051433-2125758914-1423191267-1740899205-1073925389-3782572162-737981194\1821068571-1793888307-623627345-1529106238\RPC Control\LRPC-6b9d7ae8b0c6164162

Object UUID : ce6222d7-e62d-42f7-9366-8b3f45fd8888
UUID : 5a0ce74d-f9cf-4dea-a4c1-2d5fe4c89d51, version 1.0
Description : Unknown RPC service
Type : Local RPC service
Named pipe : \Sessions\0\AppContainerNamedObjects\S-1-15-2-1464730116-722967898-591984626-1882616513-546538240-2724344-3668641785\RPC Control\LRPC-ca9d60a42f2200f4bc

Object UUID : 331866ee-c6a9-4fa2-9371-ee8857524236
UUID : 5a0ce74d-f9cf-4dea-a4c1-2d5fe4c89d51, version 1.0
Description : Unknown RPC service
Type : Local RPC service
Named pipe : LRPC-a1df70a681d09df2f3

Object UUID : 00000000-0000-0000-0000-000000000000
UUID : 0767a036-0d22-48aa-ba69-b619480f38cb, version 1.0
Description : Unknown RPC service
Annotation : PcaSvc
Type : Local RPC service
Named pipe : LRPC-3013bd109f84956727

Object UUID : 00000002-0000-0000-0000-000000000000
UUID : 8ec21e98-b5ce-4916-a3d6-449fa428a007, version 0.0
Description : Unknown RPC service
Type : Local RPC service
Named pipe : OLE0DC29E1608E20020DDFB497AA917

Object UUID : 00000002-0000-0000-0000-000000000000
UUID : 8ec21e98-b5ce-4916-a3d6-449fa428a007, version 0.0
Description : Unknown RPC service
Type : Local RPC service
Named pipe : LRPC-30402ad260a421ae8e

Object UUID : 00000002-0000-0000-0000-000000000000
UUID : 0fc77b1a-95d8-4a2e-a0c0-cff54237462b, version 0.0
Description : Unknown RPC service
Type : Local RPC service
Named pipe : OLE0DC29E1608E20020DDFB497AA917

Object UUID : 00000002-0000-0000-0000-000000000000
UUID : 0fc77b1a-95d8-4a2e-a0c0-cff54237462b, version 0.0
Description : Unknown RPC service
Type : Local RPC service
Named pipe : LRPC-30402ad260a421ae8e

Object UUID : 00000002-0000-0000-0000-000000000000
UUID : b1ef227e-dfa5-421e-82bb-67a6a129c496, version 0.0
Description : Unknown RPC service
Type : Local RPC service
Named pipe : OLE0DC29E1608E20020DDFB497AA917

Object UUID : 00000002-0000-0000-0000-000000000000
UUID : b1ef227e-dfa5-421e-82bb-67a6a129c496, version 0.0
Description : Unknown RPC service
Type : Local RPC service
Named pipe : LRPC-30402ad260a421ae8e

Object UUID : 00000000-0000-0000-0000-000000000000
UUID : 169c453b-5955-4672-be44-21f61e9ef18f, version 1.0
Description : Unknown RPC service
Annotation : INgcContainerEnum
Type : Local RPC service
Named pipe : LRPC-ad2c6b81d87c4c968b

Object UUID : b08669ee-8cb5-43a5-a017-84fe00000002
UUID : 76f226c3-ec14-4325-8a99-6a46348418af, version 1.0
Description : Unknown RPC service
Type : Local RPC service
Named pipe : WMsgKRpc01918382

Object UUID : 52ef130c-08fd-4388-86b3-6edf00000002
UUID : 12e65dd8-887f-41ef-91bf-8d816c42c2e7, version 1.0
Description : Unknown RPC service
Annotation : Secure Desktop LRPC interface
Type : Local RPC service
Named pipe : WMsgKRpc01918382

Object UUID : 00000000-0000-0000-0000-000000000000
UUID : 4b112204-0e19-11d3-b42b-0000f81feb9f, version 1.0
Description : SSDP service
Windows process : unknow
Type : Local RPC service
Named pipe : LRPC-c339697b2d33ab1ae3

Object UUID : 00000000-0000-0000-0000-000000000000
UUID : a4b8d482-80ce-40d6-934d-b22a01a44fe7, version 1.0
Description : Unknown RPC service
Annotation : LicenseManager
Type : Local RPC service
Named pipe : LicenseServiceEndpoint

Object UUID : 00000000-0000-0000-0000-000000000000
UUID : 26268c86-e770-433e-86ef-5f3ba6731fba, version 1.0
Description : Unknown RPC service
Type : Local RPC service
Named pipe : OLEEFE42D6A30625F811775315D28C3

Object UUID : 00000000-0000-0000-0000-000000000000
UUID : 26268c86-e770-433e-86ef-5f3ba6731fba, version 1.0
Description : Unknown RPC service
Type : Local RPC service
Named pipe : LRPC-b2a4e852b5200824e7

Object UUID : 00000000-0000-0000-0000-000000000000
UUID : e64b9aee-f372-4312-9a14-8f1502b5c8e3, version 1.0
Description : Unknown RPC service
Type : Local RPC service
Named pipe : LRPC-700da55d288929c0f7

Object UUID : 00000000-0000-0000-0000-000000000000
UUID : e7a216af-1ec1-447f-8d3f-a87278db564d, version 1.0
Description : Unknown RPC service
Type : Local RPC service
Named pipe : LRPC-100fa855b8b4a28bdb

Object UUID : 00000000-0000-0000-0000-000000000000
UUID : be7f785e-0e3a-4ab7-91de-7e46e443be29, version 0.0
Description : Unknown RPC service
Type : Local RPC service
Named pipe : LRPC-8ecfa076e62ece0a63

Object UUID : 00000000-0000-0000-0000-000000000000
UUID : 54b4c689-969a-476f-8dc2-990885e9f562, version 0.0
Description : Unknown RPC service
Type : Local RPC service
Named pipe : LRPC-8ecfa076e62ece0a63

Object UUID : 3bdb59a0-d736-4d44-9074-c1ee00000001
UUID : f3f09ffd-fbcf-4291-944d-70ad6e0e73bb, version 1.0
Description : Unknown RPC service
Type : Local RPC service
Named pipe : LRPC-df79a86b53a6b7ec40

Object UUID : b08669ee-8cb5-43a5-a017-84fe00000001
UUID : 76f226c3-ec14-4325-8a99-6a46348418af, version 1.0
Description : Unknown RPC service
Type : Local RPC service
Named pipe : WMsgKRpc072721

Object UUID : 00000000-0000-0000-0000-000000000000
UUID : 650a7e26-eab8-5533-ce43-9c1dfce11511, version 1.0
Description : Unknown RPC service
Annotation : Vpn APIs
Type : Local RPC service
Named pipe : RasmanLrpc

Object UUID : 00000000-0000-0000-0000-000000000000
UUID : 650a7e26-eab8-5533-ce43-9c1dfce11511, version 1.0
Description : Unknown RPC service
Annotation : Vpn APIs
Type : Local RPC service
Named pipe : VpnikeRpc

Object UUID : 00000000-0000-0000-0000-000000000000
UUID : 650a7e26-eab8-5533-ce43-9c1dfce11511, version 1.0
Description : Unknown RPC service
Annotation : Vpn APIs
Type : Local RPC service
Named pipe : LRPC-f41f6156ace4398603

Object UUID : 00000000-0000-0000-0000-000000000000
UUID : c27f3c08-92ba-478c-b446-b419c4cef0e2, version 1.0
Description : Unknown RPC service
Type : Local RPC service
Named pipe : LRPC-b0a45b641dc2639b3a

Object UUID : 00000000-0000-0000-0000-000000000000
UUID : b58aa02e-2884-4e97-8176-4ee06d794184, version 1.0
Description : Unknown RPC service
Type : Local RPC service
Named pipe : LRPC-bcac97094aba9b8c36

Object UUID : 00000000-0000-0000-0000-000000000000
UUID : d4051bde-9cdd-4910-b393-4aa85ec3c482, version 1.0
Description : Unknown RPC service
Type : Local RPC service
Named pipe : LRPC-0c6de6d63361e643e3

Object UUID : 00000000-0000-0000-0000-000000000000
UUID : 4c9dbf19-d39e-4bb9-90ee-8f7179b20283, version 1.0
Description : Unknown RPC service
Type : Local RPC service
Named pipe : LRPC-0c6de6d63361e643e3

Object UUID : 00000000-0000-0000-0000-000000000000
UUID : fd8be72b-a9cd-4b2c-a9ca-4ded242fbe4d, version 1.0
Description : Unknown RPC service
Type : Local RPC service
Named pipe : LRPC-0c6de6d63361e643e3

Object UUID : 00000000-0000-0000-0000-000000000000
UUID : 95095ec8-32ea-4eb0-a3e2-041f97b36168, version 1.0
Description : Unknown RPC service
Type : Local RPC service
Named pipe : LRPC-0c6de6d63361e643e3

Object UUID : 00000000-0000-0000-0000-000000000000
UUID : e38f5360-8572-473e-b696-1b46873beeab, version 1.0
Description : Unknown RPC service
Type : Local RPC service
Named pipe : LRPC-0c6de6d63361e643e3

Object UUID : 00000000-0000-0000-0000-000000000000
UUID : d22895ef-aff4-42c5-a5b2-b14466d34ab4, version 1.0
Description : Unknown RPC service
Type : Local RPC service
Named pipe : LRPC-0c6de6d63361e643e3

Object UUID : 00000000-0000-0000-0000-000000000000
UUID : 98cd761e-e77d-41c8-a3c0-0fb756d90ec2, version 1.0
Description : Unknown RPC service
Type : Local RPC service
Named pipe : LRPC-0c6de6d63361e643e3

Object UUID : 00000000-0000-0000-0000-000000000000
UUID : 98716d03-89ac-44c7-bb8c-285824e51c4a, version 1.0
Description : Unknown RPC service
Annotation : XactSrv service
Type : Local RPC service
Named pipe : LRPC-4fe9644dcc45eb0562

Object UUID : 00000000-0000-0000-0000-000000000000
UUID : 1a0d010f-1c33-432c-b0f5-8cf4e8053099, version 1.0
Description : Unknown RPC service
Annotation : IdSegSrv service
Type : Local RPC service
Named pipe : LRPC-4fe9644dcc45eb0562

Object UUID : 00000000-0000-0000-0000-000000000000
UUID : 552d076a-cb29-4e44-8b6a-d15e59e2c0af, version 1.0
Description : Unknown RPC service
Annotation : IP Transition Configuration endpoint
Type : Local RPC service
Named pipe : LRPC-f08b2887c7802d204c

Object UUID : 00000000-0000-0000-0000-000000000000
UUID : 2e6035b2-e8f1-41a7-a044-656b439c4c34, version 1.0
Description : Unknown RPC service
Annotation : Proxy Manager provider server endpoint
Type : Local RPC service
Named pipe : LRPC-f08b2887c7802d204c

Object UUID : 00000000-0000-0000-0000-000000000000
UUID : 2e6035b2-e8f1-41a7-a044-656b439c4c34, version 1.0
Description : Unknown RPC service
Annotation : Proxy Manager provider server endpoint
Type : Local RPC service
Named pipe : TeredoDiagnostics

Object UUID : 00000000-0000-0000-0000-000000000000
UUID : 2e6035b2-e8f1-41a7-a044-656b439c4c34, version 1.0
Description : Unknown RPC service
Annotation : Proxy Manager provider server endpoint
Type : Local RPC service
Named pipe : TeredoControl

Object UUID : 00000000-0000-0000-0000-000000000000
UUID : c36be077-e14b-4fe9-8abc-e856ef4f048b, version 1.0
Description : Unknown RPC service
Annotation : Proxy Manager client server endpoint
Type : Local RPC service
Named pipe : LRPC-f08b2887c7802d204c

Object UUID : 00000000-0000-0000-0000-000000000000
UUID : c36be077-e14b-4fe9-8abc-e856ef4f048b, version 1.0
Description : Unknown RPC service
Annotation : Proxy Manager client server endpoint
Type : Local RPC service
Named pipe : TeredoDiagnostics

Object UUID : 00000000-0000-0000-0000-000000000000
UUID : c36be077-e14b-4fe9-8abc-e856ef4f048b, version 1.0
Description : Unknown RPC service
Annotation : Proxy Manager client server endpoint
Type : Local RPC service
Named pipe : TeredoControl

Object UUID : 00000000-0000-0000-0000-000000000000
UUID : c49a5a70-8a7f-4e70-ba16-1e8f1f193ef1, version 1.0
Description : Unknown RPC service
Annotation : Adh APIs
Type : Local RPC service
Named pipe : LRPC-f08b2887c7802d204c

Object UUID : 00000000-0000-0000-0000-000000000000
UUID : c49a5a70-8a7f-4e70-ba16-1e8f1f193ef1, version 1.0
Description : Unknown RPC service
Annotation : Adh APIs
Type : Local RPC service
Named pipe : TeredoDiagnostics

Object UUID : 00000000-0000-0000-0000-000000000000
UUID : c49a5a70-8a7f-4e70-ba16-1e8f1f193ef1, version 1.0
Description : Unknown RPC service
Annotation : Adh APIs
Type : Local RPC service
Named pipe : TeredoControl

Object UUID : 00000000-0000-0000-0000-000000000000
UUID : c49a5a70-8a7f-4e70-ba16-1e8f1f193ef1, version 1.0
Description : Unknown RPC service
Annotation : Adh APIs
Type : Local RPC service
Named pipe : OLEE5F076395C0578CB8D8D5F8CCE64

Object UUID : 00000000-0000-0000-0000-000000000000
UUID : dd490425-5325-4565-b774-7e27d6c09c24, version 1.0
Description : Unknown RPC service
Annotation : Base Firewall Engine API
Type : Local RPC service
Named pipe : LRPC-32aa178cf5b45485d9

Object UUID : 00000000-0000-0000-0000-000000000000
UUID : 7f9d11bf-7fb9-436b-a812-b2d50c5d4c03, version 1.0
Description : Unknown RPC service
Annotation : Fw APIs
Type : Local RPC service
Named pipe : LRPC-32aa178cf5b45485d9

Object UUID : 00000000-0000-0000-0000-000000000000
UUID : 7f9d11bf-7fb9-436b-a812-b2d50c5d4c03, version 1.0
Description : Unknown RPC service
Annotation : Fw APIs
Type : Local RPC service
Named pipe : LRPC-3aaeee6b289947770c

Object UUID : 00000000-0000-0000-0000-000000000000
UUID : f47433c3-3e9d-4157-aad4-83aa1f5c2d4c, version 1.0
Description : Unknown RPC service
Annotation : Fw APIs
Type : Local RPC service
Named pipe : LRPC-32aa178cf5b45485d9

Object UUID : 00000000-0000-0000-0000-000000000000
UUID : f47433c3-3e9d-4157-aad4-83aa1f5c2d4c, version 1.0
Description : Unknown RPC service
Annotation : Fw APIs
Type : Local RPC service
Named pipe : LRPC-3aaeee6b289947770c

Object UUID : 00000000-0000-0000-0000-000000000000
UUID : f47433c3-3e9d-4157-aad4-83aa1f5c2d4c, version 1.0
Description : Unknown RPC service
Annotation : Fw APIs
Type : Local RPC service
Named pipe : LRPC-12e95420ae543eaca4

Object UUID : 00000000-0000-0000-0000-000000000000
UUID : 2fb92682-6599-42dc-ae13-bd2ca89bd11c, version 1.0
Description : Unknown RPC service
Annotation : Fw APIs
Type : Local RPC service
Named pipe : LRPC-32aa178cf5b45485d9

Object UUID : 00000000-0000-0000-0000-000000000000
UUID : 2fb92682-6599-42dc-ae13-bd2ca89bd11c, version 1.0
Description : Unknown RPC service
Annotation : Fw APIs
Type : Local RPC service
Named pipe : LRPC-3aaeee6b289947770c

Object UUID : 00000000-0000-0000-0000-000000000000
UUID : 2fb92682-6599-42dc-ae13-bd2ca89bd11c, version 1.0
Description : Unknown RPC service
Annotation : Fw APIs
Type : Local RPC service
Named pipe : LRPC-12e95420ae543eaca4

Object UUID : 00000000-0000-0000-0000-000000000000
UUID : 2fb92682-6599-42dc-ae13-bd2ca89bd11c, version 1.0
Description : Unknown RPC service
Annotation : Fw APIs
Type : Local RPC service
Named pipe : LRPC-2a0d9aa755c3edad84

Object UUID : 00000000-0000-0000-0000-000000000000
UUID : abfb6ca3-0c5e-4734-9285-0aee72fe8d1c, version 1.0
Description : Unknown RPC service
Type : Local RPC service
Named pipe : OLE2AA89E511B90EF11640C88789A24

Object UUID : 00000000-0000-0000-0000-000000000000
UUID : abfb6ca3-0c5e-4734-9285-0aee72fe8d1c, version 1.0
Description : Unknown RPC service
Type : Local RPC service
Named pipe : LRPC-5e13d8312214c10162

Object UUID : 00000000-0000-0000-0000-000000000000
UUID : b37f900a-eae4-4304-a2ab-12bb668c0188, version 1.0
Description : Unknown RPC service
Type : Local RPC service
Named pipe : OLE2AA89E511B90EF11640C88789A24

Object UUID : 00000000-0000-0000-0000-000000000000
UUID : b37f900a-eae4-4304-a2ab-12bb668c0188, version 1.0
Description : Unknown RPC service
Type : Local RPC service
Named pipe : LRPC-5e13d8312214c10162

Object UUID : 00000000-0000-0000-0000-000000000000
UUID : e7f76134-9ef5-4949-a2d6-3368cc0988f3, version 1.0
Description : Unknown RPC service
Type : Local RPC service
Named pipe : OLE2AA89E511B90EF11640C88789A24

Object UUID : 00000000-0000-0000-0000-000000000000
UUID : e7f76134-9ef5-4949-a2d6-3368cc0988f3, version 1.0
Description : Unknown RPC service
Type : Local RPC service
Named pipe : LRPC-5e13d8312214c10162

Object UUID : 00000000-0000-0000-0000-000000000000
UUID : 7aeb6705-3ae6-471a-882d-f39c109edc12, version 1.0
Description : Unknown RPC service
Type : Local RPC service
Named pipe : OLE2AA89E511B90EF11640C88789A24

Object UUID : 00000000-0000-0000-0000-000000000000
UUID : 7aeb6705-3ae6-471a-882d-f39c109edc12, version 1.0
Description : Unknown RPC service
Type : Local RPC service
Named pipe : LRPC-5e13d8312214c10162

Object UUID : 00000000-0000-0000-0000-000000000000
UUID : f44e62af-dab1-44c2-8013-049a9de417d6, version 1.0
Description : Unknown RPC service
Type : Local RPC service
Named pipe : OLE2AA89E511B90EF11640C88789A24

Object UUID : 00000000-0000-0000-0000-000000000000
UUID : f44e62af-dab1-44c2-8013-049a9de417d6, version 1.0
Description : Unknown RPC service
Type : Local RPC service
Named pipe : LRPC-5e13d8312214c10162

Object UUID : 00000000-0000-0000-0000-000000000000
UUID : c2d1b5dd-fa81-4460-9dd6-e7658b85454b, version 1.0
Description : Unknown RPC service
Type : Local RPC service
Named pipe : OLE2AA89E511B90EF11640C88789A24

Object UUID : 00000000-0000-0000-0000-000000000000
UUID : c2d1b5dd-fa81-4460-9dd6-e7658b85454b, version 1.0
Description : Unknown RPC service
Type : Local RPC service
Named pipe : LRPC-5e13d8312214c10162

Object UUID : 00000000-0000-0000-0000-000000000000
UUID : b18fbab6-56f8-4702-84e0-41053293a869, version 1.0
Description : Unknown RPC service
Annotation : UserMgrCli
Type : Local RPC service
Named pipe : OLEE1FCC1EFE4B1BE4ADFD8608533EF

Object UUID : 00000000-0000-0000-0000-000000000000
UUID : b18fbab6-56f8-4702-84e0-41053293a869, version 1.0
Description : Unknown RPC service
Annotation : UserMgrCli
Type : Local RPC service
Named pipe : LRPC-ad6452f1783cc25aa4

Object UUID : 00000000-0000-0000-0000-000000000000
UUID : 0d3c7f20-1c8d-4654-a1b3-51563b298bda, version 1.0
Description : Unknown RPC service
Annotation : UserMgrCli
Type : Local RPC service
Named pipe : OLEE1FCC1EFE4B1BE4ADFD8608533EF

Object UUID : 00000000-0000-0000-0000-000000000000
UUID : 0d3c7f20-1c8d-4654-a1b3-51563b298bda, version 1.0
Description : Unknown RPC service
Annotation : UserMgrCli
Type : Local RPC service
Named pipe : LRPC-ad6452f1783cc25aa4

Object UUID : 00000000-0000-0000-0000-000000000000
UUID : 3473dd4d-2e88-4006-9cba-22570909dd10, version 5.0
Description : Unknown RPC service
Annotation : WinHttp Auto-Proxy Service
Type : Local RPC service
Named pipe : LRPC-a501b71c142b7a2939

Object UUID : 00000000-0000-0000-0000-000000000000
UUID : 3473dd4d-2e88-4006-9cba-22570909dd10, version 5.0
Description : Unknown RPC service
Annotation : WinHttp Auto-Proxy Service
Type : Local RPC service
Named pipe : fe13ca56-fd8e-4042-978f-15cb73ff75f1

Object UUID : 00000000-0000-0000-0000-000000000000
UUID : 12345678-1234-abcd-ef00-0123456789ab, version 1.0
Description : IPsec Services (Windows XP & 2003)
Windows process : lsass.exe
Type : Local RPC service
Named pipe : LRPC-83563a0b6c533e378c

Object UUID : 00000000-0000-0000-0000-000000000000
UUID : 0b6edbfa-4a24-4fc6-8a23-942b1eca65d1, version 1.0
Description : Unknown RPC service
Type : Local RPC service
Named pipe : LRPC-83563a0b6c533e378c

Object UUID : 00000000-0000-0000-0000-000000000000
UUID : ae33069b-a2a8-46ee-a235-ddfd339be281, version 1.0
Description : Unknown RPC service
Type : Local RPC service
Named pipe : LRPC-83563a0b6c533e378c

Object UUID : 00000000-0000-0000-0000-000000000000
UUID : 4a452661-8290-4b36-8fbe-7f4093a94978, version 1.0
Description : Unknown RPC service
Type : Local RPC service
Named pipe : LRPC-83563a0b6c533e378c

Object UUID : 00000000-0000-0000-0000-000000000000
UUID : 76f03f96-cdfd-44fc-a22c-64950a001209, version 1.0
Description : Unknown RPC service
Type : Local RPC service
Named pipe : LRPC-83563a0b6c533e378c

Object UUID : 00000000-0000-0000-0000-000000000000
UUID : 4c8d0bef-d7f1-49f0-9102-caa05f58d114, version 1.0
Description : Unknown RPC service
Type : Local RPC service
Named pipe : nlaplg

Object UUID : 00000000-0000-0000-0000-000000000000
UUID : 4c8d0bef-d7f1-49f0-9102-caa05f58d114, version 1.0
Description : Unknown RPC service
Type : Local RPC service
Named pipe : nlaapi

Object UUID : bae10e73-0001-44f4-9dab-7d0f635c171a
UUID : 509bc7ae-77be-4ee8-b07c-0d096bb44345, version 1.0
Description : Unknown RPC service
Type : Local RPC service
Named pipe : OLE4353C9003B8C999C2019021F242D

Object UUID : bae10e73-0001-44f4-9dab-7d0f635c171a
UUID : 509bc7ae-77be-4ee8-b07c-0d096bb44345, version 1.0
Description : Unknown RPC service
Type : Local RPC service
Named pipe : LRPC-a5e2e93878dc81e02a

Object UUID : 73736573-6f69-656e-6e76-000000000000
UUID : c9ac6db5-82b7-4e55-ae8a-e464ed7b4277, version 1.0
Description : Unknown RPC service
Annotation : Impl friendly name
Type : Local RPC service
Named pipe : LRPC-28fe416d1d6e753d11

Object UUID : 00000000-0000-0000-0000-000000000000
UUID : 29770a8f-829b-4158-90a2-78cd488501f7, version 1.0
Description : Unknown RPC service
Type : Local RPC service
Named pipe : LRPC-28fe416d1d6e753d11

Object UUID : 00000000-0000-0000-0000-000000000000
UUID : 29770a8f-829b-4158-90a2-78cd488501f7, version 1.0
Description : Unknown RPC service
Type : Local RPC service
Named pipe : SessEnvPrivateRpc

Object UUID : 00000000-0000-0000-0000-000000000000
UUID : f2c9b409-c1c9-4100-8639-d8ab1486694a, version 1.0
Description : Unknown RPC service
Annotation : Witness Client Upcall Server
Type : Local RPC service
Named pipe : LRPC-fb1bbb19eb0f2a5f81

Object UUID : 00000000-0000-0000-0000-000000000000
UUID : eb081a0d-10ee-478a-a1dd-50995283e7a8, version 3.0
Description : Unknown RPC service
Annotation : Witness Client Test Interface
Type : Local RPC service
Named pipe : LRPC-fb1bbb19eb0f2a5f81

Object UUID : 00000000-0000-0000-0000-000000000000
UUID : 7f1343fe-50a9-4927-a778-0c5859517bac, version 1.0
Description : Unknown RPC service
Annotation : DfsDs service
Type : Local RPC service
Named pipe : LRPC-fb1bbb19eb0f2a5f81

Object UUID : 00000000-0000-0000-0000-000000000000
UUID : 3c4728c5-f0ab-448b-bda1-6ce01eb0a6d6, version 1.0
Description : Unknown RPC service
Annotation : DHCPv6 Client LRPC Endpoint
Type : Local RPC service
Named pipe : dhcpcsvc6

Object UUID : 00000000-0000-0000-0000-000000000000
UUID : 3c4728c5-f0ab-448b-bda1-6ce01eb0a6d5, version 1.0
Description : DHCP Client Service
Windows process : svchost.exe
Annotation : DHCP Client LRPC Endpoint
Type : Local RPC service
Named pipe : dhcpcsvc6

Object UUID : 00000000-0000-0000-0000-000000000000
UUID : 3c4728c5-f0ab-448b-bda1-6ce01eb0a6d5, version 1.0
Description : DHCP Client Service
Windows process : svchost.exe
Annotation : DHCP Client LRPC Endpoint
Type : Local RPC service
Named pipe : dhcpcsvc

Object UUID : 00000000-0000-0000-0000-000000000000
UUID : 30b044a5-a225-43f0-b3a4-e060df91f9c1, version 1.0
Description : Unknown RPC service
Type : Local RPC service
Named pipe : LRPC-64546903655b5eccfa

Object UUID : 00000000-0000-0000-0000-000000000000
UUID : 0a74ef1c-41a4-4e06-83ae-dc74fb1cdd53, version 1.0
Description : Scheduler Service
Windows process : svchost.exe
Type : Local RPC service
Named pipe : LRPC-2839ffa81301ab2dff

Object UUID : 00000000-0000-0000-0000-000000000000
UUID : 1ff70682-0a51-30e8-076d-740be8cee98b, version 1.0
Description : Scheduler Service
Windows process : svchost.exe
Type : Local RPC service
Named pipe : LRPC-2839ffa81301ab2dff

Object UUID : 00000000-0000-0000-0000-000000000000
UUID : 378e52b0-c0a9-11cf-822d-00aa0051e40f, version 1.0
Description : Scheduler Service
Windows process : svchost.exe
Type : Local RPC service
Named pipe : LRPC-2839ffa81301ab2dff

Object UUID : 00000000-0000-0000-0000-000000000000
UUID : 33d84484-3626-47ee-8c6f-e7e98b113be1, version 2.0
Description : Unknown RPC service
Type : Local RPC service
Named pipe : LRPC-2839ffa81301ab2dff

Object UUID : 00000000-0000-0000-0000-000000000000
UUID : 33d84484-3626-47ee-8c6f-e7e98b113be1, version 2.0
Description : Unknown RPC service
Type : Local RPC service
Named pipe : ubpmtaskhostchannel

Object UUID : 00000000-0000-0000-0000-000000000000
UUID : 33d84484-3626-47ee-8c6f-e7e98b113be1, version 2.0
Description : Unknown RPC service
Type : Local RPC service
Named pipe : LRPC-c420ad283a92752d30

Object UUID : 00000000-0000-0000-0000-000000000000
UUID : 86d35949-83c9-4044-b424-db363231fd0c, version 1.0
Description : Un","","","","","None","","","","2001/08/26","2020/01/22","","",""
"10736","","","None","10.0.0.4","tcp","445","DCE Services Enumeration","A DCE/RPC service is running on the remote host.","By sending a Lookup request to the portmapper (TCP 135 or epmapper
PIPE) it was possible to enumerate the Distributed Computing
Environment (DCE) services running on the remote port. Using this
information it is possible to connect and bind to each service by
sending an RPC request to the remote port/pipe.","n/a","","
The following DCERPC services are available remotely :

Object UUID : 00000000-0000-0000-0000-000000000000
UUID : 650a7e26-eab8-5533-ce43-9c1dfce11511, version 1.0
Description : Unknown RPC service
Annotation : Vpn APIs
Type : Remote RPC service
Named pipe : \PIPE\ROUTER
Netbios name : \\CYBER-ND03-W10

Object UUID : 00000000-0000-0000-0000-000000000000
UUID : 29770a8f-829b-4158-90a2-78cd488501f7, version 1.0
Description : Unknown RPC service
Type : Remote RPC service
Named pipe : \pipe\SessEnvPublicRpc
Netbios name : \\CYBER-ND03-W10

Object UUID : 00000000-0000-0000-0000-000000000000
UUID : 7f1343fe-50a9-4927-a778-0c5859517bac, version 1.0
Description : Unknown RPC service
Annotation : DfsDs service
Type : Remote RPC service
Named pipe : \PIPE\wkssvc
Netbios name : \\CYBER-ND03-W10

Object UUID : 00000000-0000-0000-0000-000000000000
UUID : 1ff70682-0a51-30e8-076d-740be8cee98b, version 1.0
Description : Scheduler Service
Windows process : svchost.exe
Type : Remote RPC service
Named pipe : \PIPE\atsvc
Netbios name : \\CYBER-ND03-W10

Object UUID : 00000000-0000-0000-0000-000000000000
UUID : 378e52b0-c0a9-11cf-822d-00aa0051e40f, version 1.0
Description : Scheduler Service
Windows process : svchost.exe
Type : Remote RPC service
Named pipe : \PIPE\atsvc
Netbios name : \\CYBER-ND03-W10

Object UUID : 00000000-0000-0000-0000-000000000000
UUID : 33d84484-3626-47ee-8c6f-e7e98b113be1, version 2.0
Description : Unknown RPC service
Type : Remote RPC service
Named pipe : \PIPE\atsvc
Netbios name : \\CYBER-ND03-W10

Object UUID : 00000000-0000-0000-0000-000000000000
UUID : 86d35949-83c9-4044-b424-db363231fd0c, version 1.0
Description : Unknown RPC service
Type : Remote RPC service
Named pipe : \PIPE\atsvc
Netbios name : \\CYBER-ND03-W10

Object UUID : 00000000-0000-0000-0000-000000000000
UUID : 3a9ef155-691d-4449-8d05-09ad57031823, version 1.0
Description : Unknown RPC service
Type : Remote RPC service
Named pipe : \PIPE\atsvc
Netbios name : \\CYBER-ND03-W10

Object UUID : 00000000-0000-0000-0000-000000000000
UUID : f6beaff7-1e19-4fbb-9f8f-b89e2018337c, version 1.0
Description : Unknown RPC service
Annotation : Event log TCPIP
Type : Remote RPC service
Named pipe : \pipe\eventlog
Netbios name : \\CYBER-ND03-W10

Object UUID : b08669ee-8cb5-43a5-a017-84fe00000000
UUID : 76f226c3-ec14-4325-8a99-6a46348418af, version 1.0
Description : Unknown RPC service
Type : Remote RPC service
Named pipe : \PIPE\InitShutdown
Netbios name : \\CYBER-ND03-W10

Object UUID : 765294ba-60bc-48b8-92e9-89fd77769d91
UUID : d95afe70-a6d5-4259-822e-2c84da1ddb0d, version 1.0
Description : Unknown RPC service
Type : Remote RPC service
Named pipe : \PIPE\InitShutdown
Netbios name : \\CYBER-ND03-W10

Object UUID : 00000000-0000-0000-0000-000000000000
UUID : 12345778-1234-abcd-ef00-0123456789ac, version 1.0
Description : Security Account Manager
Windows process : lsass.exe
Type : Remote RPC service
Named pipe : \pipe\lsass
Netbios name : \\CYBER-ND03-W10

Object UUID : 00000000-0000-0000-0000-000000000000
UUID : b25a52bf-e5dd-4f4a-aea6-8ca7272a0e86, version 2.0
Description : Unknown RPC service
Annotation : KeyIso
Type : Remote RPC service
Named pipe : \pipe\lsass
Netbios name : \\CYBER-ND03-W10

Object UUID : 00000000-0000-0000-0000-000000000000
UUID : 8fb74744-b2ff-4c00-be0d-9ef9a191fe1b, version 1.0
Description : Unknown RPC service
Annotation : Ngc Pop Key Service
Type : Remote RPC service
Named pipe : \pipe\lsass
Netbios name : \\CYBER-ND03-W10

Object UUID : 00000000-0000-0000-0000-000000000000
UUID : 51a227ae-825b-41f2-b4a9-1ac9557a1018, version 1.0
Description : Unknown RPC service
Annotation : Ngc Pop Key Service
Type : Remote RPC service
Named pipe : \pipe\lsass
Netbios name : \\CYBER-ND03-W10

","","","","","None","","","","2001/08/26","2020/01/22","","",""
"10736","","","None","10.0.0.4","tcp","49664","DCE Services Enumeration","A DCE/RPC service is running on the remote host.","By sending a Lookup request to the portmapper (TCP 135 or epmapper
PIPE) it was possible to enumerate the Distributed Computing
Environment (DCE) services running on the remote port. Using this
information it is possible to connect and bind to each service by
sending an RPC request to the remote port/pipe.","n/a","","
The following DCERPC services are available on TCP port 49664 :

Object UUID : 00000000-0000-0000-0000-000000000000
UUID : 51a227ae-825b-41f2-b4a9-1ac9557a1018, version 1.0
Description : Unknown RPC service
Annotation : Ngc Pop Key Service
Type : Remote RPC service
TCP Port : 49664
IP : 10.0.0.4

Object UUID : 00000000-0000-0000-0000-000000000000
UUID : 12345778-1234-abcd-ef00-0123456789ac, version 1.0
Description : Security Account Manager
Windows process : lsass.exe
Type : Remote RPC service
TCP Port : 49664
IP : 10.0.0.4

Object UUID : 00000000-0000-0000-0000-000000000000
UUID : b25a52bf-e5dd-4f4a-aea6-8ca7272a0e86, version 2.0
Description : Unknown RPC service
Annotation : KeyIso
Type : Remote RPC service
TCP Port : 49664
IP : 10.0.0.4

Object UUID : 00000000-0000-0000-0000-000000000000
UUID : 8fb74744-b2ff-4c00-be0d-9ef9a191fe1b, version 1.0
Description : Unknown RPC service
Annotation : Ngc Pop Key Service
Type : Remote RPC service
TCP Port : 49664
IP : 10.0.0.4

","","","","","None","","","","2001/08/26","2020/01/22","","",""
"10736","","","None","10.0.0.4","tcp","49665","DCE Services Enumeration","A DCE/RPC service is running on the remote host.","By sending a Lookup request to the portmapper (TCP 135 or epmapper
PIPE) it was possible to enumerate the Distributed Computing
Environment (DCE) services running on the remote port. Using this
information it is possible to connect and bind to each service by
sending an RPC request to the remote port/pipe.","n/a","","
The following DCERPC services are available on TCP port 49665 :

Object UUID : 765294ba-60bc-48b8-92e9-89fd77769d91
UUID : d95afe70-a6d5-4259-822e-2c84da1ddb0d, version 1.0
Description : Unknown RPC service
Type : Remote RPC service
TCP Port : 49665
IP : 10.0.0.4

","","","","","None","","","","2001/08/26","2020/01/22","","",""
"10736","","","None","10.0.0.4","tcp","49666","DCE Services Enumeration","A DCE/RPC service is running on the remote host.","By sending a Lookup request to the portmapper (TCP 135 or epmapper
PIPE) it was possible to enumerate the Distributed Computing
Environment (DCE) services running on the remote port. Using this
information it is possible to connect and bind to each service by
sending an RPC request to the remote port/pipe.","n/a","","
The following DCERPC services are available on TCP port 49666 :

Object UUID : 00000000-0000-0000-0000-000000000000
UUID : f6beaff7-1e19-4fbb-9f8f-b89e2018337c, version 1.0
Description : Unknown RPC service
Annotation : Event log TCPIP
Type : Remote RPC service
TCP Port : 49666
IP : 10.0.0.4

","","","","","None","","","","2001/08/26","2020/01/22","","",""
"10736","","","None","10.0.0.4","tcp","49667","DCE Services Enumeration","A DCE/RPC service is running on the remote host.","By sending a Lookup request to the portmapper (TCP 135 or epmapper
PIPE) it was possible to enumerate the Distributed Computing
Environment (DCE) services running on the remote port. Using this
information it is possible to connect and bind to each service by
sending an RPC request to the remote port/pipe.","n/a","","
The following DCERPC services are available on TCP port 49667 :

Object UUID : 00000000-0000-0000-0000-000000000000
UUID : 86d35949-83c9-4044-b424-db363231fd0c, version 1.0
Description : Unknown RPC service
Type : Remote RPC service
TCP Port : 49667
IP : 10.0.0.4

Object UUID : 00000000-0000-0000-0000-000000000000
UUID : 3a9ef155-691d-4449-8d05-09ad57031823, version 1.0
Description : Unknown RPC service
Type : Remote RPC service
TCP Port : 49667
IP : 10.0.0.4

","","","","","None","","","","2001/08/26","2020/01/22","","",""
"10736","","","None","10.0.0.4","tcp","49668","DCE Services Enumeration","A DCE/RPC service is running on the remote host.","By sending a Lookup request to the portmapper (TCP 135 or epmapper
PIPE) it was possible to enumerate the Distributed Computing
Environment (DCE) services running on the remote port. Using this
information it is possible to connect and bind to each service by
sending an RPC request to the remote port/pipe.","n/a","","
The following DCERPC services are available on TCP port 49668 :

Object UUID : 00000000-0000-0000-0000-000000000000
UUID : 29770a8f-829b-4158-90a2-78cd488501f7, version 1.0
Description : Unknown RPC service
Type : Remote RPC service
TCP Port : 49668
IP : 10.0.0.4

","","","","","None","","","","2001/08/26","2020/01/22","","",""
"10736","","","None","10.0.0.4","tcp","49669","DCE Services Enumeration","A DCE/RPC service is running on the remote host.","By sending a Lookup request to the portmapper (TCP 135 or epmapper
PIPE) it was possible to enumerate the Distributed Computing
Environment (DCE) services running on the remote port. Using this
information it is possible to connect and bind to each service by
sending an RPC request to the remote port/pipe.","n/a","","
The following DCERPC services are available on TCP port 49669 :

Object UUID : 00000000-0000-0000-0000-000000000000
UUID : 12345678-1234-abcd-ef00-0123456789ab, version 1.0
Description : IPsec Services (Windows XP & 2003)
Windows process : lsass.exe
Type : Remote RPC service
TCP Port : 49669
IP : 10.0.0.4

Object UUID : 00000000-0000-0000-0000-000000000000
UUID : 0b6edbfa-4a24-4fc6-8a23-942b1eca65d1, version 1.0
Description : Unknown RPC service
Type : Remote RPC service
TCP Port : 49669
IP : 10.0.0.4

Object UUID : 00000000-0000-0000-0000-000000000000
UUID : ae33069b-a2a8-46ee-a235-ddfd339be281, version 1.0
Description : Unknown RPC service
Type : Remote RPC service
TCP Port : 49669
IP : 10.0.0.4

Object UUID : 00000000-0000-0000-0000-000000000000
UUID : 4a452661-8290-4b36-8fbe-7f4093a94978, version 1.0
Description : Unknown RPC service
Type : Remote RPC service
TCP Port : 49669
IP : 10.0.0.4

Object UUID : 00000000-0000-0000-0000-000000000000
UUID : 76f03f96-cdfd-44fc-a22c-64950a001209, version 1.0
Description : Unknown RPC service
Type : Remote RPC service
TCP Port : 49669
IP : 10.0.0.4

","","","","","None","","","","2001/08/26","2020/01/22","","",""
"10736","","","None","10.0.0.4","tcp","49673","DCE Services Enumeration","A DCE/RPC service is running on the remote host.","By sending a Lookup request to the portmapper (TCP 135 or epmapper
PIPE) it was possible to enumerate the Distributed Computing
Environment (DCE) services running on the remote port. Using this
information it is possible to connect and bind to each service by
sending an RPC request to the remote port/pipe.","n/a","","
The following DCERPC services are available on TCP port 49673 :

Object UUID : 00000000-0000-0000-0000-000000000000
UUID : 367abb81-9844-35f1-ad32-98f038001003, version 2.0
Description : Service Control Manager
Windows process : svchost.exe
Type : Remote RPC service
TCP Port : 49673
IP : 10.0.0.4

","","","","","None","","","","2001/08/26","2020/01/22","","",""
"10863","","","None","10.0.0.4","tcp","3389","SSL Certificate Information","This plugin displays the SSL certificate.","This plugin connects to every SSL-related port and attempts to 
extract and dump the X.509 certificate.","n/a","","Subject Name: 

Common Name: CYBER-ND03-W10

Issuer Name: 

Common Name: CYBER-ND03-W10

Serial Number: 36 F1 49 7D FE C3 A8 B6 4E 39 69 2B 07 71 22 26 

Version: 3

Signature Algorithm: SHA-256 With RSA Encryption

Not Valid Before: Feb 07 13:57:05 2023 GMT
Not Valid After: Aug 09 13:57:05 2023 GMT

Public Key Info: 

Algorithm: RSA Encryption
Key Length: 2048 bits
Public Key: 00 AA D3 15 59 21 4F 3D 91 BC F2 4E EC 1D 57 4C 92 4B 35 89 
            18 7C EF DD 94 63 41 DD AB 0B 09 F1 C1 40 46 8B F9 7B 03 15 
            72 B9 E9 7A C0 9B 03 D6 DB 24 85 AB 5D 01 F5 E0 88 BF 24 20 
            57 2C 9D 00 85 75 87 9B 39 86 D4 AA 9C F8 05 74 27 31 12 79 
            DE 35 88 4C 29 CE BE E7 5D 8A 5E AD F1 9D 77 0D CD D1 6F 01 
            8C 3B AE D9 75 6D C0 B4 12 A7 3D BB 44 8C 4E F7 F0 EE D1 E1 
            DC 0E 64 09 2A 5B 6A AF 58 3A 37 7B 1D 92 5F 71 31 D3 96 B4 
            9E 1C D4 95 F0 6A 1C A8 80 76 C1 67 84 ED 09 4C 98 56 B7 3E 
            30 1E CC DD 87 D2 D1 83 52 79 48 1A 11 47 C1 65 AB CF 34 2C 
            F4 DC CF 13 2B 1F B6 3E E6 B0 AB DC F9 44 8F 53 7B 47 F6 B2 
            5D 71 4A D0 6C 9E 80 7F 81 53 DC 86 10 B8 47 A2 E7 2C 16 3E 
            36 CA CA CE FC 92 97 C4 DF 9B 45 59 33 51 B0 A2 4D 93 EB D0 
            01 7B 00 36 29 A4 9E 59 07 DF 87 98 64 57 C5 FF BD 
Exponent: 01 00 01 

Signature Length: 256 bytes / 2048 bits
Signature: 00 02 06 F2 EC BA 12 19 4F 7E E6 A1 D1 AB 3B 08 56 B2 6F 48 
           1F 98 81 54 91 02 68 DE 8E 81 8E 4A 53 B9 59 B4 3C C4 E1 F7 
           B6 73 C6 38 AF 81 A0 67 5D 88 E5 72 B2 38 57 8F B7 AD 69 23 
           23 54 E4 19 FD 10 2F E2 56 97 E2 AD C3 9F E9 64 42 6D 18 45 
           B1 D4 8F 12 0B 3E C7 94 7C 9C E5 EB D9 17 E8 D7 DF 95 CC 81 
           72 22 26 52 8A 7E 58 05 F1 B4 52 21 E9 7C 4B 35 CF C4 C2 7E 
           A6 76 23 F7 05 42 6C E6 A2 FD 3D E2 24 4A 35 BC 6B 31 6E B0 
           B4 54 E7 88 A8 D5 D7 66 50 EB 90 F7 D6 0C FC 9B B4 82 20 B2 
           90 D0 B7 4D C6 4F FF 9D ED 62 A8 81 A4 59 C0 4F 65 C3 B4 45 
           3D A9 10 4F 49 CA F5 65 E8 B7 4D 39 4A 7D EA 2B E4 61 C1 BA 
           E7 1C A2 1F FC DE D7 C2 58 5F 22 62 E4 4B 14 CA DA C4 E9 7A 
           8E FE BD 3F 9E 23 22 66 E8 5A 4D 85 CD 3C 65 66 70 3C 6F D9 
           B3 87 56 3E 14 C7 12 35 6A 19 3E A0 2C CB 91 12 A5 

Extension: Extended Key Usage (2.5.29.37)
Critical: 0
Purpose#1: Web Server Authentication (1.3.6.1.5.5.7.3.1)


Extension: Key Usage (2.5.29.15)
Critical: 0
Key Usage: Key Encipherment, Data Encipherment


Fingerprints : 

SHA-256 Fingerprint: 7E 31 4F 22 6A 21 39 DB B4 94 EB AE 7E B8 C8 07 F5 2D 23 DD 
                     40 90 7C E6 A8 08 3B B3 4A 09 38 72 
SHA-1 Fingerprint: 9C 7A 40 92 FE 22 34 06 98 F7 11 CD B5 A9 F9 5B D7 C5 BC D9 
MD5 Fingerprint: A6 64 4D 53 93 AE 13 43 5B C3 2F FE 91 64 19 79 

","","","","","None","","","","2008/05/19","2019/07/18","","",""
"10940","","","None","10.0.0.4","tcp","3389","Windows Terminal Services Enabled","The remote Windows host has Terminal Services enabled.","Terminal Services allows a Windows user to remotely obtain a graphical
login (and therefore act as a local user on the remote host).

If an attacker gains a valid login and password, this service could be
used to gain further access on the remote host.  An attacker may also
use this service to mount a dictionary attack against the remote host
to try to log in remotely.

Note that RDP (the Remote Desktop Protocol) is vulnerable to
Man-in-the-middle attacks, making it easy for attackers to steal the
credentials of legitimate users by impersonating the Windows server.","Disable Terminal Services if you do not use it, and do not allow this
service to run across the Internet.","","","","","","","None","","","","2002/04/20","2020/03/05","","",""
"11011","","","None","10.0.0.4","tcp","139","Microsoft Windows SMB Service Detection","A file / print sharing service is listening on the remote host.","The remote service understands the CIFS (Common Internet File System)
or Server Message Block (SMB) protocol, used to provide shared access
to files, printers, etc between nodes on a network.","n/a","","
An SMB server is running on this port.
","","","","","None","","","","2002/06/05","2020/01/22","","",""
"11011","","","None","10.0.0.4","tcp","445","Microsoft Windows SMB Service Detection","A file / print sharing service is listening on the remote host.","The remote service understands the CIFS (Common Internet File System)
or Server Message Block (SMB) protocol, used to provide shared access
to files, printers, etc between nodes on a network.","n/a","","
A CIFS server is running on this port.
","","","","","None","","","","2002/06/05","2020/01/22","","",""
"11936","","","None","10.0.0.4","tcp","0","OS Identification","It is possible to guess the remote operating system.","Using a combination of remote probes (e.g., TCP/IP, SMB, HTTP, NTP,
SNMP, etc.), it is possible to guess the name of the remote operating
system in use. It is also possible sometimes to guess the version of
the operating system.","n/a","","
Remote operating system : Windows
Confidence level : 50
Method : Misc

 
The remote host is running Windows","","","","","None","","","","2003/12/09","2020/03/09","","",""
"12053","","","None","10.0.0.4","tcp","0","Host Fully Qualified Domain Name (FQDN) Resolution","It was possible to resolve the name of the remote host.","Nessus was able to resolve the fully qualified domain name (FQDN) of
the remote host.","n/a","","
10.0.0.4 resolves as host.docker.internal.
","","","","","None","","","","2004/02/11","2017/04/14","","",""
"12634","","","None","10.0.0.4","tcp","0","Authenticated Check : OS Name and Installed Package Enumeration","This plugin gathers information about the remote host via an
authenticated session.","This plugin logs into the remote host using SSH, RSH, RLOGIN, Telnet,
or local commands and extracts the list of installed packages.

If using SSH, the scan should be configured with a valid SSH public
key and possibly an SSH passphrase (if the SSH public key is protected
by a passphrase).","n/a","","Nessus can run commands on localhost to check if patches are applied.

However, the execution of the command ""uname -a"" failed, so local security
checks have not been enabled.

SSH Version Banner : 
","","","","","None","","","","2004/07/06","2020/06/12","","",""
"19506","","","None","10.0.0.4","tcp","0","Nessus Scan Information","This plugin displays information about the Nessus scan.","This plugin displays, for each tested host, information about the
scan itself :

  - The version of the plugin set.
  - The type of scanner (Nessus or Nessus Home).
  - The version of the Nessus Engine.
  - The port scanner(s) used.
  - The port range scanned.
  - Whether credentialed or third-party patch management
    checks are possible.
  - The date of the scan.
  - The duration of the scan.
  - The number of hosts scanned in parallel.
  - The number of checks done in parallel.","n/a","","Information about this scan : 

Nessus version : 8.10.0
Plugin feed version : 202006160312
Scanner edition used : Nessus Home

ERROR: Your plugins have not been updated since 2020/6/16
Performing a scan with an older plugin set will yield out-of-date results and
produce an incomplete audit. Please run nessus-update-plugins to get the
newest vulnerability checks from Nessus.org.

Scan type : Normal
Scan policy used : Advanced Scan
Scanner IP : 10.0.0.4
Thorough tests : no
Experimental tests : no
Paranoia level : 1
Report verbosity : 1
Safe checks : yes
Optimize the test : yes
Credentialed checks : no
Patch management checks : None
CGI scanning : disabled
Web application tests : disabled
Max hosts : 5
Max checks : 5
Recv timeout : 5
Backports : None
Allow post-scan editing: Yes
Scan Start Date : 2023/5/26 21:22 UTC
Scan duration : 407 sec
","","","","","None","","","","2005/08/26","2020/06/12","","",""
"21643","","","None","10.0.0.4","tcp","3389","SSL Cipher Suites Supported","The remote service encrypts communications using SSL.","This plugin detects which SSL ciphers are supported by the remote
service for encrypting communications.","n/a","https://www.openssl.org/docs/man1.1.0/apps/ciphers.html
http://www.nessus.org/u?3a040ada","
Here is the list of SSL ciphers supported by the remote server :
Each group is reported per SSL Version.

SSL Version : TLSv12
  Medium Strength Ciphers (> 64-bit and < 112-bit key, or 3DES)

    Name                          Code             KEX           Auth     Encryption             MAC
    ----------------------        ----------       ---           ----     ---------------------  ---
    DES-CBC3-SHA                  0x00, 0x0A       RSA           RSA      3DES-CBC(168)          SHA1

  High Strength Ciphers (>= 112-bit key)

    Name                          Code             KEX           Auth     Encryption             MAC
    ----------------------        ----------       ---           ----     ---------------------  ---
    DHE-RSA-AES128-SHA256         0x00, 0x9E       DH            RSA      AES-GCM(128)           SHA256
    DHE-RSA-AES256-SHA384         0x00, 0x9F       DH            RSA      AES-GCM(256)           SHA384
    ECDHE-RSA-AES128-SHA256       0xC0, 0x2F       ECDH          RSA      AES-GCM(128)           SHA256
    ECDHE-RSA-AES256-SHA384       0xC0, 0x30       ECDH          RSA      AES-GCM(256)           SHA384
    RSA-AES128-SHA256             0x00, 0x9C       RSA           RSA      AES-GCM(128)           SHA256
    RSA-AES256-SHA384             0x00, 0x9D       RSA           RSA      AES-GCM(256)           SHA384
    ECDHE-RSA-AES128-SHA          0xC0, 0x13       ECDH          RSA      AES-CBC(128)           SHA1
    ECDHE-RSA-AES256-SHA          0xC0, 0x14       ECDH          RSA      AES-CBC(256)           SHA1
    AES128-SHA                    0x00, 0x2F       RSA           RSA      AES-CBC(128)           SHA1
    AES256-SHA                    0x00, 0x35       RSA           RSA      AES-CBC(256)           SHA1
    ECDHE-RSA-AES128-SHA256       0xC0, 0x27       ECDH          RSA      AES-CBC(128)           SHA256
    ECDHE-RSA-AES256-SHA384       0xC0, 0x28       ECDH          RSA      AES-CBC(256)           SHA384
    RSA-AES128-SHA256             0x00, 0x3C       RSA           RSA      AES-CBC(128)           SHA256
    RSA-AES256-SHA256             0x00, 0x3D       RSA           RSA      AES-CBC(256)           SHA256


SSL Version : TLSv11
  Medium Strength Ciphers (> 64-bit and < 112-bit key, or 3DES)

    Name                          Code             KEX           Auth     Encryption             MAC
    ----------------------        ----------       ---           ----     ---------------------  ---
    DES-CBC3-SHA                  0x00, 0x0A       RSA           RSA      3DES-CBC(168)          SHA1

  High Strength Ciphers (>= 112-bit key)

    Name                          Code             KEX           Auth     Encryption             MAC
    ----------------------        ----------       ---           ----     ---------------------  ---
    ECDHE-RSA-AES128-SHA          0xC0, 0x13       ECDH          RSA      AES-CBC(128)           SHA1
    ECDHE-RSA-AES256-SHA          0xC0, 0x14       ECDH          RSA      AES-CBC(256)           SHA1
    AES128-SHA                    0x00, 0x2F       RSA           RSA      AES-CBC(128)           SHA1
    AES256-SHA                    0x00, 0x35       RSA           RSA      AES-CBC(256)           SHA1


SSL Version : TLSv1
  Medium Strength Ciphers (> 64-bit and < 112-bit key, or 3DES)

    Name                          Code             KEX           Auth     Encryption             MAC
    ----------------------        ----------       ---           ----     ---------------------  ---
    DES-CBC3-SHA                  0x00, 0x0A       RSA           RSA      3DES-CBC(168)          SHA1

  High Strength Ciphers (>= 112-bit key)

    Name                          Code             KEX           Auth     Encryption             MAC
    ----------------------        ----------       ---           ----     ---------------------  ---
    ECDHE-RSA-AES128-SHA          0xC0, 0x13       ECDH          RSA      AES-CBC(128)           SHA1
    ECDHE-RSA-AES256-SHA          0xC0, 0x14       ECDH          RSA      AES-CBC(256)           SHA1
    AES128-SHA                    0x00, 0x2F       RSA           RSA      AES-CBC(128)           SHA1
    AES256-SHA                    0x00, 0x35       RSA           RSA      AES-CBC(256)           SHA1

The fields above are :

  {Tenable ciphername}
  {Cipher ID code}
  Kex={key exchange}
  Auth={authentication}
  Encrypt={symmetric encryption method}
  MAC={message authentication code}
  {export flag}

Note that this service does not encrypt traffic by default but does
support upgrading to an encrypted connection using STARTTLS.
","","","","","None","","","","2006/06/05","2020/06/12","","",""
"42410","","","None","10.0.0.4","tcp","445","Microsoft Windows NTLMSSP Authentication Request Remote Network Name Disclosure","It is possible to obtain the network name of the remote host.","The remote host listens on tcp port 445 and replies to SMB requests.

By sending an NTLMSSP authentication request it is possible to obtain
the name of the remote system and the name of its domain.","n/a","","The following 2 NetBIOS names have been gathered :

 CYBER-ND03-W10   = Computer name
 CYBER-ND03-W10   = Workgroup / Domain name
","","","","","None","","","","2009/11/06","2019/11/22","","",""
"42873","CVE-2016-2183","5.0","Medium","10.0.0.4","tcp","3389","SSL Medium Strength Cipher Suites Supported (SWEET32)","The remote service supports the use of medium strength SSL ciphers.","The remote host supports the use of SSL ciphers that offer medium
strength encryption. Nessus regards medium strength as any encryption
that uses key lengths at least 64 bits and less than 112 bits, or 
else that uses the 3DES encryption suite.

Note that it is considerably easier to circumvent medium strength
encryption if the attacker is on the same physical network.","Reconfigure the affected application if possible to avoid use of
medium strength ciphers.","https://www.openssl.org/blog/blog/2016/08/24/sweet32/
https://sweet32.info","
  Medium Strength Ciphers (> 64-bit and < 112-bit key, or 3DES)

    Name                          Code             KEX           Auth     Encryption             MAC
    ----------------------        ----------       ---           ----     ---------------------  ---
    DES-CBC3-SHA                  0x00, 0x0A       RSA           RSA      3DES-CBC(168)          SHA1

The fields above are :

  {Tenable ciphername}
  {Cipher ID code}
  Kex={key exchange}
  Auth={authentication}
  Encrypt={symmetric encryption method}
  MAC={message authentication code}
  {export flag}
","","7.5","","","Medium","","","","2009/11/23","2019/02/28","","",""
"45590","","","None","10.0.0.4","tcp","0","Common Platform Enumeration (CPE)","It was possible to enumerate CPE names that matched on the remote
system.","By using information obtained from a Nessus scan, this plugin reports
CPE (Common Platform Enumeration) matches for various hardware and
software products found on a host. 

Note that if an official CPE is not available for the product, this
plugin computes the best possible CPE based on the information
available from the scan.","n/a","http://cpe.mitre.org/
https://nvd.nist.gov/products/cpe","
The remote operating system matched the following CPE : 

  cpe:/o:microsoft:windows

Following application CPE matched on the remote system :

  cpe:/a:mysql:mysql:
","","","","","None","","","","2010/04/21","2020/06/12","","",""
"51192","","6.4","Medium","10.0.0.4","tcp","3389","SSL Certificate Cannot Be Trusted","The SSL certificate for this service cannot be trusted.","The server's X.509 certificate cannot be trusted. This situation can
occur in three different ways, in which the chain of trust can be
broken, as stated below :

  - First, the top of the certificate chain sent by the
    server might not be descended from a known public
    certificate authority. This can occur either when the
    top of the chain is an unrecognized, self-signed
    certificate, or when intermediate certificates are
    missing that would connect the top of the certificate
    chain to a known public certificate authority.

  - Second, the certificate chain may contain a certificate
    that is not valid at the time of the scan. This can
    occur either when the scan occurs before one of the
    certificate's 'notBefore' dates, or after one of the
    certificate's 'notAfter' dates.

  - Third, the certificate chain may contain a signature
    that either didn't match the certificate's information
    or could not be verified. Bad signatures can be fixed by
    getting the certificate with the bad signature to be
    re-signed by its issuer. Signatures that could not be
    verified are the result of the certificate's issuer
    using a signing algorithm that Nessus either does not
    support or does not recognize.

If the remote host is a public host in production, any break in the
chain makes it more difficult for users to verify the authenticity and 
identity of the web server. This could make it easier to carry out 
man-in-the-middle attacks against the remote host.","Purchase or generate a proper SSL certificate for this service.","https://www.itu.int/rec/T-REC-X.509/en
https://en.wikipedia.org/wiki/X.509","
The following certificate was at the top of the certificate
chain sent by the remote host, but it is signed by an unknown
certificate authority :

|-Subject : CN=CYBER-ND03-W10
|-Issuer  : CN=CYBER-ND03-W10
","","6.5","","","Medium","","","","2010/12/15","2020/04/27","","",""
"54615","","","None","10.0.0.4","tcp","0","Device Type","It is possible to guess the remote device type.","Based on the remote operating system, it is possible to determine
what the remote system type is (eg: a printer, router, general-purpose
computer, etc).","n/a","","Remote device type : general-purpose
Confidence level : 50
","","","","","None","","","","2011/05/23","2011/05/23","","",""
"56984","","","None","10.0.0.4","tcp","3389","SSL / TLS Versions Supported","The remote service encrypts communications.","This plugin detects which SSL and TLS versions are supported by the
remote service for encrypting communications.","n/a","","
This port supports TLSv1.0/TLSv1.1/TLSv1.2.
","","","","","None","","","","2011/12/01","2020/06/12","","",""
"57041","","","None","10.0.0.4","tcp","3389","SSL Perfect Forward Secrecy Cipher Suites Supported","The remote service supports the use of SSL Perfect Forward Secrecy
ciphers, which maintain confidentiality even if the key is stolen.","The remote host supports the use of SSL ciphers that offer Perfect
Forward Secrecy (PFS) encryption.  These cipher suites ensure that
recorded SSL traffic cannot be broken at a future date if the server's
private key is compromised.","n/a","https://www.openssl.org/docs/manmaster/man1/ciphers.html
https://en.wikipedia.org/wiki/Diffie-Hellman_key_exchange
https://en.wikipedia.org/wiki/Perfect_forward_secrecy","
Here is the list of SSL PFS ciphers supported by the remote server :

  High Strength Ciphers (>= 112-bit key)

    Name                          Code             KEX           Auth     Encryption             MAC
    ----------------------        ----------       ---           ----     ---------------------  ---
    DHE-RSA-AES128-SHA256         0x00, 0x9E       DH            RSA      AES-GCM(128)           SHA256
    DHE-RSA-AES256-SHA384         0x00, 0x9F       DH            RSA      AES-GCM(256)           SHA384
    ECDHE-RSA-AES128-SHA256       0xC0, 0x2F       ECDH          RSA      AES-GCM(128)           SHA256
    ECDHE-RSA-AES256-SHA384       0xC0, 0x30       ECDH          RSA      AES-GCM(256)           SHA384
    ECDHE-RSA-AES128-SHA          0xC0, 0x13       ECDH          RSA      AES-CBC(128)           SHA1
    ECDHE-RSA-AES256-SHA          0xC0, 0x14       ECDH          RSA      AES-CBC(256)           SHA1
    ECDHE-RSA-AES128-SHA256       0xC0, 0x27       ECDH          RSA      AES-CBC(128)           SHA256
    ECDHE-RSA-AES256-SHA384       0xC0, 0x28       ECDH          RSA      AES-CBC(256)           SHA384

The fields above are :

  {Tenable ciphername}
  {Cipher ID code}
  Kex={key exchange}
  Auth={authentication}
  Encrypt={symmetric encryption method}
  MAC={message authentication code}
  {export flag}
","","","","","None","","","","2011/12/07","2018/11/15","","",""
"57582","","6.4","Medium","10.0.0.4","tcp","3389","SSL Self-Signed Certificate","The SSL certificate chain for this service ends in an unrecognized
self-signed certificate.","The X.509 certificate chain for this service is not signed by a
recognized certificate authority.  If the remote host is a public host
in production, this nullifies the use of SSL as anyone could establish
a man-in-the-middle attack against the remote host. 

Note that this plugin does not check for certificate chains that end
in a certificate that is not self-signed, but is signed by an
unrecognized certificate authority.","Purchase or generate a proper SSL certificate for this service.","","
The following certificate was found at the top of the certificate
chain sent by the remote host, but is self-signed and was not
found in the list of known certificate authorities :

|-Subject : CN=CYBER-ND03-W10
","","","","","Medium","","","","2012/01/17","2020/04/27","","",""
"57608","","5.0","Medium","10.0.0.4","tcp","445","SMB Signing not required","Signing is not required on the remote SMB server.","Signing is not required on the remote SMB server. An unauthenticated,
remote attacker can exploit this to conduct man-in-the-middle attacks
against the SMB server.","Enforce message signing in the host's configuration. On Windows, this
is found in the policy setting 'Microsoft network server: Digitally
sign communications (always)'. On Samba, the setting is called 'server
signing'. See the 'see also' links for further details.","https://support.microsoft.com/en-us/help/887429/overview-of-server-message-block-signing
http://technet.microsoft.com/en-us/library/cc731957.aspx
http://www.nessus.org/u?74b80723
https://www.samba.org/samba/docs/current/man-html/smb.conf.5.html
http://www.nessus.org/u?a3cac4ea","","","5.3","3.7","4.6","Medium","","","","2012/01/19","2018/11/15","","",""
"64814","","","None","10.0.0.4","tcp","3389","Terminal Services Use SSL/TLS","The remote Terminal Services use SSL/TLS.","The remote Terminal Services is configured to use SSL/TLS.","n/a","","Subject Name: 

Common Name: CYBER-ND03-W10

Issuer Name: 

Common Name: CYBER-ND03-W10

Serial Number: 36 F1 49 7D FE C3 A8 B6 4E 39 69 2B 07 71 22 26 

Version: 3

Signature Algorithm: SHA-256 With RSA Encryption

Not Valid Before: Feb 07 13:57:05 2023 GMT
Not Valid After: Aug 09 13:57:05 2023 GMT

Public Key Info: 

Algorithm: RSA Encryption
Key Length: 2048 bits
Public Key: 00 AA D3 15 59 21 4F 3D 91 BC F2 4E EC 1D 57 4C 92 4B 35 89 
            18 7C EF DD 94 63 41 DD AB 0B 09 F1 C1 40 46 8B F9 7B 03 15 
            72 B9 E9 7A C0 9B 03 D6 DB 24 85 AB 5D 01 F5 E0 88 BF 24 20 
            57 2C 9D 00 85 75 87 9B 39 86 D4 AA 9C F8 05 74 27 31 12 79 
            DE 35 88 4C 29 CE BE E7 5D 8A 5E AD F1 9D 77 0D CD D1 6F 01 
            8C 3B AE D9 75 6D C0 B4 12 A7 3D BB 44 8C 4E F7 F0 EE D1 E1 
            DC 0E 64 09 2A 5B 6A AF 58 3A 37 7B 1D 92 5F 71 31 D3 96 B4 
            9E 1C D4 95 F0 6A 1C A8 80 76 C1 67 84 ED 09 4C 98 56 B7 3E 
            30 1E CC DD 87 D2 D1 83 52 79 48 1A 11 47 C1 65 AB CF 34 2C 
            F4 DC CF 13 2B 1F B6 3E E6 B0 AB DC F9 44 8F 53 7B 47 F6 B2 
            5D 71 4A D0 6C 9E 80 7F 81 53 DC 86 10 B8 47 A2 E7 2C 16 3E 
            36 CA CA CE FC 92 97 C4 DF 9B 45 59 33 51 B0 A2 4D 93 EB D0 
            01 7B 00 36 29 A4 9E 59 07 DF 87 98 64 57 C5 FF BD 
Exponent: 01 00 01 

Signature Length: 256 bytes / 2048 bits
Signature: 00 02 06 F2 EC BA 12 19 4F 7E E6 A1 D1 AB 3B 08 56 B2 6F 48 
           1F 98 81 54 91 02 68 DE 8E 81 8E 4A 53 B9 59 B4 3C C4 E1 F7 
           B6 73 C6 38 AF 81 A0 67 5D 88 E5 72 B2 38 57 8F B7 AD 69 23 
           23 54 E4 19 FD 10 2F E2 56 97 E2 AD C3 9F E9 64 42 6D 18 45 
           B1 D4 8F 12 0B 3E C7 94 7C 9C E5 EB D9 17 E8 D7 DF 95 CC 81 
           72 22 26 52 8A 7E 58 05 F1 B4 52 21 E9 7C 4B 35 CF C4 C2 7E 
           A6 76 23 F7 05 42 6C E6 A2 FD 3D E2 24 4A 35 BC 6B 31 6E B0 
           B4 54 E7 88 A8 D5 D7 66 50 EB 90 F7 D6 0C FC 9B B4 82 20 B2 
           90 D0 B7 4D C6 4F FF 9D ED 62 A8 81 A4 59 C0 4F 65 C3 B4 45 
           3D A9 10 4F 49 CA F5 65 E8 B7 4D 39 4A 7D EA 2B E4 61 C1 BA 
           E7 1C A2 1F FC DE D7 C2 58 5F 22 62 E4 4B 14 CA DA C4 E9 7A 
           8E FE BD 3F 9E 23 22 66 E8 5A 4D 85 CD 3C 65 66 70 3C 6F D9 
           B3 87 56 3E 14 C7 12 35 6A 19 3E A0 2C CB 91 12 A5 

Extension: Extended Key Usage (2.5.29.37)
Critical: 0
Purpose#1: Web Server Authentication (1.3.6.1.5.5.7.3.1)


Extension: Key Usage (2.5.29.15)
Critical: 0
Key Usage: Key Encipherment, Data Encipherment


","","","","","None","","","","2013/02/22","2018/03/29","","",""
"70544","","","None","10.0.0.4","tcp","3389","SSL Cipher Block Chaining Cipher Suites Supported","The remote service supports the use of SSL Cipher Block Chaining
ciphers, which combine previous blocks with subsequent ones.","The remote host supports the use of SSL ciphers that operate in Cipher
Block Chaining (CBC) mode.  These cipher suites offer additional
security over Electronic Codebook (ECB) mode, but have the potential to
leak information if used improperly.","n/a","https://www.openssl.org/docs/manmaster/man1/ciphers.html
http://www.nessus.org/u?cc4a822a
https://www.openssl.org/~bodo/tls-cbc.txt","
Here is the list of SSL CBC ciphers supported by the remote server :

  Medium Strength Ciphers (> 64-bit and < 112-bit key, or 3DES)

    Name                          Code             KEX           Auth     Encryption             MAC
    ----------------------        ----------       ---           ----     ---------------------  ---
    DES-CBC3-SHA                  0x00, 0x0A       RSA           RSA      3DES-CBC(168)          SHA1

  High Strength Ciphers (>= 112-bit key)

    Name                          Code             KEX           Auth     Encryption             MAC
    ----------------------        ----------       ---           ----     ---------------------  ---
    ECDHE-RSA-AES128-SHA          0xC0, 0x13       ECDH          RSA      AES-CBC(128)           SHA1
    ECDHE-RSA-AES256-SHA          0xC0, 0x14       ECDH          RSA      AES-CBC(256)           SHA1
    AES128-SHA                    0x00, 0x2F       RSA           RSA      AES-CBC(128)           SHA1
    AES256-SHA                    0x00, 0x35       RSA           RSA      AES-CBC(256)           SHA1
    ECDHE-RSA-AES128-SHA256       0xC0, 0x27       ECDH          RSA      AES-CBC(128)           SHA256
    ECDHE-RSA-AES256-SHA384       0xC0, 0x28       ECDH          RSA      AES-CBC(256)           SHA384
    RSA-AES128-SHA256             0x00, 0x3C       RSA           RSA      AES-CBC(128)           SHA256
    RSA-AES256-SHA256             0x00, 0x3D       RSA           RSA      AES-CBC(256)           SHA256

The fields above are :

  {Tenable ciphername}
  {Cipher ID code}
  Kex={key exchange}
  Auth={authentication}
  Encrypt={symmetric encryption method}
  MAC={message authentication code}
  {export flag}
","","","","","None","","","","2013/10/22","2018/11/15","","",""
"97993","","","None","10.0.0.4","tcp","0","OS Identification and Installed Software Enumeration over SSH v2 (Using New SSH Library)","Information about the remote host can be disclosed via an
authenticated session.","Nessus was able to login to the remote host using SSH or local
commands and extract the list of installed packages.","n/a","","
Nessus can run commands on localhost to check if patches are applied.

Credentialed checks of Windows are not supported using SSH.

The remote host is not currently supported by this plugin.

Runtime : 1.57531 seconds
","","","","","None","","","","2017/05/30","2020/06/12","","",""
"99172","","","None","10.0.0.4","tcp","0","Microsoft Azure Instance Metadata Enumeration (Windows)","The remote host is a Microsoft Azure instance for which metadata could
be retrieved.","The remote host is a Microsoft Azure instance. Nessus was able to use
the metadata API to collect information about the system.","n/a","https://azure.microsoft.com/en-us/","
  It was possible to retrieve the following API items:

    - azure-FD: 0
    - azure-UD: 0
    - azure-instanceName: CYBERND0302
    - azure-vmId: 3a8d3833-3875-419a-8c77-ec767be4a006
    - azure-resourceId: /subscriptions/20bd5839-016e-4d9f-9805-63a5953cbf07/resourceGroups/cyber-234422/providers/Microsoft.Compute/virtualMachines/CYBERND0302

  The following items could not be retrieved:

    - State
    - InstanceId
    - ContainerId
","","","","","None","","","","2017/04/03","2020/06/12","","",""
"100871","","","None","10.0.0.4","tcp","445","Microsoft Windows SMB Versions Supported (remote check)","It was possible to obtain information about the version of SMB running
on the remote host.","Nessus was able to obtain the version of SMB running on the remote
host by sending an authentication request to port 139 or 445.

Note that this plugin is a remote check and does not work on agents.","n/a","","
The remote host supports the following versions of SMB :
  SMBv2
","","","","","None","","","","2017/06/19","2019/11/22","","",""
"104743","","6.1","Medium","10.0.0.4","tcp","3389","TLS Version 1.0 Protocol Detection","The remote service encrypts traffic using an older version of TLS.","The remote service accepts connections encrypted using TLS 1.0. TLS 1.0 has a
number of cryptographic design flaws. Modern implementations of TLS 1.0
mitigate these problems, but newer versions of TLS like 1.2 and 1.3 are
designed against these flaws and should be used whenever possible.

As of March 31, 2020, Endpoints that arent enabled for TLS 1.2
and higher will no longer function properly with major web browsers and major vendors.

PCI DSS v3.2 requires that TLS 1.0 be disabled entirely by June 30,
2018, except for POS POI terminals (and the SSL/TLS termination
points to which they connect) that can be verified as not being
susceptible to any known exploits.","Enable support for TLS 1.2 and 1.3, and disable support for TLS 1.0.","https://tools.ietf.org/html/draft-ietf-tls-oldversions-deprecate-00","TLSv1 is enabled and the server supports at least one cipher.","","6.5","","","Medium","","","","2017/11/22","2020/03/31","","",""
"106716","","","None","10.0.0.4","tcp","445","Microsoft Windows SMB2 and SMB3 Dialects Supported (remote check)","It was possible to obtain information about the dialects of SMB2 and SMB3 available
on the remote host.","Nessus was able to obtain the set of SMB2 and SMB3 dialects running on the remote
host by sending an authentication request to port 139 or 445.","n/a","","
The remote host supports the following SMB dialects :
	_version_  _introduced in windows version_
	2.0.2      Windows 2008  
	2.1        Windows 7     
	3.0        Windows 8     
	3.0.2      Windows 8.1   
	3.1.1      Windows 10    

The remote host does NOT support the following SMB dialects :
	_version_  _introduced in windows version_
	2.2.2      Windows 8 Beta
	2.2.4      Windows 8 Beta
	3.1        Windows 10    
","","","","","None","","","","2018/02/09","2020/03/11","","",""
"110723","","","None","10.0.0.4","tcp","0","No Credentials Provided","Nessus was able to find common ports used for local checks,
however, no credentials were provided in the scan policy.","Nessus was unable to execute credentialed checks because no 
credentials were provided.","n/a","","SMB was detected on port 445 but no credentials were provided.
SMB local checks were not enabled.

","","","","","None","","","","2018/06/27","2018/10/02","","",""
"117886","","","None","10.0.0.4","tcp","0","Local Checks Not Enabled (info)","Local checks were not enabled.","Nessus did not enable local checks on the remote host. This does not
necessarily indicate a problem with the scan. Credentials may not have
been provided, local checks may not be available for the target, the
target may not have been identified, or another issue may have
occurred that prevented local checks from being enabled. See plugin
output for details.

This plugin reports informational findings related to local checks not
being enabled. For failure information, see plugin 21745 :
'Authentication Failure - Local Checks Not Run'.","n/a","","
The following issues were reported :

  - Plugin      : ssh_get_info2.nasl
    Plugin ID   : 97993
    Plugin Name : OS Identification and Installed Software Enumeration over SSH v2 (Using New SSH Library)
    Protocol    : LOCALHOST
    Message     : 
Credentialed checks of Windows are not supported using SSH.

  - Plugin      : ssh_get_info.nasl
    Plugin ID   : 12634
    Plugin Name : Authenticated Check : OS Name and Installed Package Enumeration
    Protocol    : LOCALHOST
    Message     : 
Remote host was not identified as a known device or operating
system and the execution of ""uname -a"" failed.

SSH Version Banner : 


  - Plugin      : no_local_checks_credentials.nasl
    Plugin ID   : 110723
    Plugin Name : No Credentials Provided
    Message     : 
Credentials were not provided for detected SMB service.
","","","","","None","","","","2018/10/02","2018/11/02","","",""
"121010","","6.1","Medium","10.0.0.4","tcp","3389","TLS Version 1.1 Protocol Detection","The remote service encrypts traffic using an older version of TLS.","The remote service accepts connections encrypted using TLS 1.1.
TLS 1.1 lacks support for current and recommended cipher suites.
Ciphers that support encryption before MAC computation, and
authenticated encryption modes such as GCM cannot be used with
TLS 1.1

As of March 31, 2020, Endpoints that are not enabled for TLS 1.2 
and higher will no longer function properly with major web browsers and major vendors.

PCI DSS v3.2 still allows TLS 1.1 as of June 30, 2018, but strongly
recommends the use of TLS 1.2. A proposal is currently before the IETF
to fully deprecate TLS 1.1 and many vendors have already proactively
done this.","Enable support for TLS 1.2 and/or 1.3, and disable support for TLS 1.1.","https://tools.ietf.org/html/draft-ietf-tls-oldversions-deprecate-00
http://www.nessus.org/u?c8ae820d","TLSv1.1 is enabled and the server supports at least one cipher.","","6.5","","","Medium","","","","2019/01/08","2020/04/21","","",""
"135860","","","None","10.0.0.4","tcp","445","WMI Not Available","WMI queries could not be made against the remote host.","WMI (Windows Management Instrumentation) is not available on the
remote host over DCOM. WMI queries are used to gather information
about the remote host, such as its current state, network interface
configuration, etc.

Without this information Nessus may not be able to identify installed
software or security vunerabilities that exist on the remote host.","n/a","https://docs.microsoft.com/en-us/windows/win32/wmisdk/wmi-start-page","Can't connect to the 'root\CIMV2' WMI namespace.","","","","","None","","","","2020/04/21","2020/06/12","","",""
"136318","","","None","10.0.0.4","tcp","3389","TLS Version 1.2 Protocol Detection","The remote service encrypts traffic using a version of TLS.","The remote service accepts connections encrypted using TLS 1.2.","N/A","https://tools.ietf.org/html/rfc5246","TLSv1.2 is enabled and the server supports at least one cipher.","","","","","None","","","","2020/05/04","2020/05/04","","",""
